metric,score,weighted_score,is_confident,score_4,score_5,category,experiment,repository,scenario_id,model,score_2,score_3
accuracy,4,4.22,False,0.78,0.22,ReactToAngular_ToDoApp_ReactJS_high_avg,solution_migration,todo_app_react,08,claude-3-7-sonnet@20250219,,
completeness,5,5.0,True,,1.0,ReactToAngular_ToDoApp_ReactJS_high_avg,solution_migration,todo_app_react,08,claude-3-7-sonnet@20250219,,
accuracy,4,4.15,False,0.85,0.15,ReactToAngular_ToDoApp_ReactJS_high_avg,solution_migration,todo_app_react,08,o3-mini,,
completeness,5,5.0,True,,1.0,ReactToAngular_ToDoApp_ReactJS_high_avg,solution_migration,todo_app_react,08,o3-mini,,
accuracy,5,5.0,True,,1.0,jQueryToReact_ToDoApp_jQuery_high_low,solution_migration,todo_app_jquery,13,claude-3-7-sonnet@20250219,,
completeness,5,5.0,True,,1.0,jQueryToReact_ToDoApp_jQuery_high_low,solution_migration,todo_app_jquery,13,claude-3-7-sonnet@20250219,,
accuracy,5,5.0,True,,1.0,jQueryToReact_ToDoApp_jQuery_high_low,solution_migration,todo_app_jquery,13,o3-mini,,
completeness,5,5.0,True,,1.0,jQueryToReact_ToDoApp_jQuery_high_low,solution_migration,todo_app_jquery,13,o3-mini,,
accuracy,5,5.0,True,,1.0,AngularToReact_AngularCosmoPage_avg_high,solution_migration,angular_cosmo_page,7,claude-3-7-sonnet@20250219,,
completeness,5,5.0,True,,1.0,AngularToReact_AngularCosmoPage_avg_high,solution_migration,angular_cosmo_page,7,claude-3-7-sonnet@20250219,,
accuracy,4,4.44,False,0.56,0.44,AngularToReact_AngularCosmoPage_avg_high,solution_migration,angular_cosmo_page,7,o3-mini,,
completeness,5,4.88,False,0.12,0.88,AngularToReact_AngularCosmoPage_avg_high,solution_migration,angular_cosmo_page,7,o3-mini,,
accuracy,4,4.0,True,1.0,,UpdateReact_ToDoApp_ReactJS_high_avg,solution_migration,todo_app_react,11,claude-3-7-sonnet@20250219,,
completeness,5,5.0,True,,1.0,UpdateReact_ToDoApp_ReactJS_high_avg,solution_migration,todo_app_react,11,claude-3-7-sonnet@20250219,,
accuracy,5,5.0,True,,1.0,UpdateReact_ToDoApp_ReactJS_high_avg,solution_migration,todo_app_react,11,o3-mini,,
completeness,5,5.0,True,,1.0,UpdateReact_ToDoApp_ReactJS_high_avg,solution_migration,todo_app_react,11,o3-mini,,
accuracy,5,5.0,True,,1.0,UpdateAngular_ToDoApp_AngularJS_avg_avg_2,solution_migration,todo_app_angular,10,claude-3-7-sonnet@20250219,,
completeness,5,5.0,True,,1.0,UpdateAngular_ToDoApp_AngularJS_avg_avg_2,solution_migration,todo_app_angular,10,claude-3-7-sonnet@20250219,,
accuracy,5,5.0,True,,1.0,UpdateAngular_ToDoApp_AngularJS_avg_avg_2,solution_migration,todo_app_angular,10,o3-mini,,
completeness,5,5.0,True,,1.0,UpdateAngular_ToDoApp_AngularJS_avg_avg_2,solution_migration,todo_app_angular,10,o3-mini,,
accuracy,5,5.0,True,,1.0,ReactToAngular_ReactSignUp_high_low,solution_migration,react_sign_up,09,claude-3-7-sonnet@20250219,,
completeness,5,5.0,True,,1.0,ReactToAngular_ReactSignUp_high_low,solution_migration,react_sign_up,09,claude-3-7-sonnet@20250219,,
accuracy,5,5.0,True,,1.0,ReactToAngular_ReactSignUp_high_low,solution_migration,react_sign_up,09,o3-mini,,
completeness,5,4.99,True,0.01,0.99,ReactToAngular_ReactSignUp_high_low,solution_migration,react_sign_up,09,o3-mini,,
accuracy,5,5.0,True,,1.0,VanillaToReact_Piano_NativeJS_high_low,solution_migration,piano_native_js,12,claude-3-7-sonnet@20250219,,
completeness,5,5.0,True,,1.0,VanillaToReact_Piano_NativeJS_high_low,solution_migration,piano_native_js,12,claude-3-7-sonnet@20250219,,
accuracy,5,5.0,True,,1.0,VanillaToReact_Piano_NativeJS_high_low,solution_migration,piano_native_js,12,o3-mini,,
completeness,5,5.0,True,,1.0,VanillaToReact_Piano_NativeJS_high_low,solution_migration,piano_native_js,12,o3-mini,,
accuracy,5,5.0,True,,1.0,ModifyReactApp_ReactFetchAPI_avg_low,component_generation,,3,claude-3-7-sonnet@20250219,,
completeness,5,5.0,True,,1.0,ModifyReactApp_ReactFetchAPI_avg_low,component_generation,,3,claude-3-7-sonnet@20250219,,
accuracy,5,5.0,True,,1.0,ModifyReactApp_ReactFetchAPI_avg_low,component_generation,,3,o3-mini,,
completeness,4,4.04,True,0.96,0.04,ModifyReactApp_ReactFetchAPI_avg_low,component_generation,,3,o3-mini,,
accuracy,5,5.0,True,,1.0,GenerateBaseComponent,component_generation,,1,claude-3-7-sonnet@20250219,,
completeness,5,5.0,True,,1.0,GenerateBaseComponent,component_generation,,1,claude-3-7-sonnet@20250219,,
accuracy,5,5.0,True,,1.0,GenerateBaseComponent,component_generation,,1,o3-mini,,
completeness,5,5.0,True,,1.0,GenerateBaseComponent,component_generation,,1,o3-mini,,
accuracy,5,5.0,True,,1.0,GenerateReactApp,component_generation,,2,claude-3-7-sonnet@20250219,,
completeness,5,5.0,True,,1.0,GenerateReactApp,component_generation,,2,claude-3-7-sonnet@20250219,,
accuracy,5,5.0,True,,1.0,GenerateReactApp,component_generation,,2,o3-mini,,
completeness,5,5.0,True,,1.0,GenerateReactApp,component_generation,,2,o3-mini,,
accuracy,5,5.0,True,,1.0,WriteTestsForLegacyCode_ReactSignUp_high_low,test_generation,react_sign_up,6,claude-3-7-sonnet@20250219,,
completeness,5,5.0,True,,1.0,WriteTestsForLegacyCode_ReactSignUp_high_low,test_generation,react_sign_up,6,claude-3-7-sonnet@20250219,,
accuracy,5,5.0,True,,1.0,WriteTestsForLegacyCode_ReactSignUp_high_low,test_generation,react_sign_up,6,o3-mini,,
completeness,5,4.88,False,0.12,0.88,WriteTestsForLegacyCode_ReactSignUp_high_low,test_generation,react_sign_up,6,o3-mini,,
accuracy,5,5.0,True,,1.0,WriteTestsForLegacyCode_ToDoApp_ReactJS_high_avg,test_generation,todo_app_react,5,claude-3-7-sonnet@20250219,,
completeness,5,5.0,True,,1.0,WriteTestsForLegacyCode_ToDoApp_ReactJS_high_avg,test_generation,todo_app_react,5,claude-3-7-sonnet@20250219,,
accuracy,5,5.0,True,,1.0,WriteTestsForLegacyCode_ToDoApp_ReactJS_high_avg,test_generation,todo_app_react,5,o3-mini,,
completeness,5,5.0,True,,1.0,WriteTestsForLegacyCode_ToDoApp_ReactJS_high_avg,test_generation,todo_app_react,5,o3-mini,,
accuracy,5,5.0,True,,1.0,WriteTestsForLegacyCode_AngularCosmoPage_avg_high,test_generation,angular_cosmo_page,4,claude-3-7-sonnet@20250219,,
completeness,5,5.0,True,,1.0,WriteTestsForLegacyCode_AngularCosmoPage_avg_high,test_generation,angular_cosmo_page,4,claude-3-7-sonnet@20250219,,
accuracy,5,5.0,True,,1.0,WriteTestsForLegacyCode_AngularCosmoPage_avg_high,test_generation,angular_cosmo_page,4,o3-mini,,
completeness,5,5.0,True,,1.0,WriteTestsForLegacyCode_AngularCosmoPage_avg_high,test_generation,angular_cosmo_page,4,o3-mini,,
accuracy,5,5.0,True,,1.0,WriteTestsForActualCode_ReactSelect_extra_high_high,test_generation,react_select,23,claude-3-7-sonnet@20250219,,
completeness,5,5.0,True,,1.0,WriteTestsForActualCode_ReactSelect_extra_high_high,test_generation,react_select,23,claude-3-7-sonnet@20250219,,
accuracy,5,4.82,False,0.18,0.82,WriteTestsForActualCode_ReactSelect_extra_high_high,test_generation,react_select,23,o3-mini,,
completeness,5,4.85,False,0.15,0.85,WriteTestsForActualCode_ReactSelect_extra_high_high,test_generation,react_select,23,o3-mini,,
accuracy,5,5.0,True,,1.0,GenerateProjectConfiguration,solution_template_generation,,24,claude-3-7-sonnet@20250219,,
completeness,5,5.0,True,,1.0,GenerateProjectConfiguration,solution_template_generation,,24,claude-3-7-sonnet@20250219,,
accuracy,5,5.0,True,,1.0,GenerateProjectConfiguration,solution_template_generation,,24,o3-mini,,
completeness,5,5.0,True,,1.0,GenerateProjectConfiguration,solution_template_generation,,24,o3-mini,,
accuracy,5,5.0,True,,1.0,EvaluateCodeQuality_ReactSignUp_high_low,code_analysis,react_sign_up,22,claude-3-7-sonnet@20250219,,
completeness,5,5.0,True,,1.0,EvaluateCodeQuality_ReactSignUp_high_low,code_analysis,react_sign_up,22,claude-3-7-sonnet@20250219,,
accuracy,5,5.0,True,,1.0,EvaluateCodeQuality_ReactSignUp_high_low,code_analysis,react_sign_up,22,o3-mini,,
completeness,5,5.0,True,,1.0,EvaluateCodeQuality_ReactSignUp_high_low,code_analysis,react_sign_up,22,o3-mini,,
accuracy,5,5.0,True,,1.0,EvaluateCodeQuality_ToDoApp_ReactJS_high_avg,code_analysis,todo_app_react,21,claude-3-7-sonnet@20250219,,
completeness,5,5.0,True,,1.0,EvaluateCodeQuality_ToDoApp_ReactJS_high_avg,code_analysis,todo_app_react,21,claude-3-7-sonnet@20250219,,
accuracy,5,5.0,True,,1.0,EvaluateCodeQuality_ToDoApp_ReactJS_high_avg,code_analysis,todo_app_react,21,o3-mini,,
completeness,5,5.0,True,,1.0,EvaluateCodeQuality_ToDoApp_ReactJS_high_avg,code_analysis,todo_app_react,21,o3-mini,,
accuracy,5,5.0,True,,1.0,EvaluateCodeQuality_AngularCosmoPage_avg_high,code_analysis,angular_cosmo_page,20,claude-3-7-sonnet@20250219,,
completeness,2,2.15,False,,,EvaluateCodeQuality_AngularCosmoPage_avg_high,code_analysis,angular_cosmo_page,20,claude-3-7-sonnet@20250219,0.85,0.15
accuracy,5,5.0,True,,1.0,EvaluateCodeQuality_AngularCosmoPage_avg_high,code_analysis,angular_cosmo_page,20,o3-mini,,
completeness,4,4.0,True,1.0,,EvaluateCodeQuality_AngularCosmoPage_avg_high,code_analysis,angular_cosmo_page,20,o3-mini,,
accuracy,5,5.0,True,,1.0,DescribeTechnicalImplementation_AngularCosmoPage_avg_high,code_explanation,angular_cosmo_page,17,claude-3-7-sonnet@20250219,,
completeness,5,5.0,True,,1.0,DescribeTechnicalImplementation_AngularCosmoPage_avg_high,code_explanation,angular_cosmo_page,17,claude-3-7-sonnet@20250219,,
accuracy,5,5.0,True,,1.0,DescribeTechnicalImplementation_AngularCosmoPage_avg_high,code_explanation,angular_cosmo_page,17,o3-mini,,
completeness,5,5.0,True,,1.0,DescribeTechnicalImplementation_AngularCosmoPage_avg_high,code_explanation,angular_cosmo_page,17,o3-mini,,
accuracy,5,5.0,True,,1.0,DescribeTechnicalImplementation_ReactSignUp_high_low,code_explanation,react_sign_up,19,claude-3-7-sonnet@20250219,,
completeness,5,5.0,True,,1.0,DescribeTechnicalImplementation_ReactSignUp_high_low,code_explanation,react_sign_up,19,claude-3-7-sonnet@20250219,,
accuracy,5,5.0,True,,1.0,DescribeTechnicalImplementation_ReactSignUp_high_low,code_explanation,react_sign_up,19,o3-mini,,
completeness,5,5.0,True,,1.0,DescribeTechnicalImplementation_ReactSignUp_high_low,code_explanation,react_sign_up,19,o3-mini,,
accuracy,4,4.0,True,1.0,,DescribeTechnicalImplementation_ToDoApp_ReactJS_high_avg,code_explanation,todo_app_react,18,claude-3-7-sonnet@20250219,,
completeness,5,5.0,True,,1.0,DescribeTechnicalImplementation_ToDoApp_ReactJS_high_avg,code_explanation,todo_app_react,18,claude-3-7-sonnet@20250219,,
accuracy,4,4.27,False,0.73,0.27,DescribeTechnicalImplementation_ToDoApp_ReactJS_high_avg,code_explanation,todo_app_react,18,o3-mini,,
completeness,5,5.0,True,,1.0,DescribeTechnicalImplementation_ToDoApp_ReactJS_high_avg,code_explanation,todo_app_react,18,o3-mini,,
accuracy,5,5.0,True,,1.0,BusinessFunctionality_ReactSignUp_high_low,solution_documentation,react_sign_up,16,claude-3-7-sonnet@20250219,,
completeness,5,5.0,True,,1.0,BusinessFunctionality_ReactSignUp_high_low,solution_documentation,react_sign_up,16,claude-3-7-sonnet@20250219,,
accuracy,5,5.0,True,,1.0,BusinessFunctionality_ReactSignUp_high_low,solution_documentation,react_sign_up,16,o3-mini,,
completeness,5,5.0,True,,1.0,BusinessFunctionality_ReactSignUp_high_low,solution_documentation,react_sign_up,16,o3-mini,,
accuracy,5,5.0,True,,1.0,BusinessFunctionality_ToDoApp_ReactJS_high_avg,solution_documentation,todo_app_react,15,claude-3-7-sonnet@20250219,,
completeness,5,5.0,True,,1.0,BusinessFunctionality_ToDoApp_ReactJS_high_avg,solution_documentation,todo_app_react,15,claude-3-7-sonnet@20250219,,
accuracy,5,5.0,True,,1.0,BusinessFunctionality_ToDoApp_ReactJS_high_avg,solution_documentation,todo_app_react,15,o3-mini,,
completeness,5,5.0,True,,1.0,BusinessFunctionality_ToDoApp_ReactJS_high_avg,solution_documentation,todo_app_react,15,o3-mini,,
accuracy,5,5.0,True,,1.0,BusinessFunctionality_AngularCosmoPage_avg_high,solution_documentation,angular_cosmo_page,14,claude-3-7-sonnet@20250219,,
completeness,5,5.0,True,,1.0,BusinessFunctionality_AngularCosmoPage_avg_high,solution_documentation,angular_cosmo_page,14,claude-3-7-sonnet@20250219,,
accuracy,5,5.0,True,,1.0,BusinessFunctionality_AngularCosmoPage_avg_high,solution_documentation,angular_cosmo_page,14,o3-mini,,
completeness,5,5.0,True,,1.0,BusinessFunctionality_AngularCosmoPage_avg_high,solution_documentation,angular_cosmo_page,14,o3-mini,,
