metric,score,weighted_score,is_confident,score_5,score_4,category,experiment,repository,scenario_id,model,score_3,score_2
accuracy,5,4.82,False,0.82,0.18,ReactToAngular_ToDoApp_ReactJS_high_avg,solution_migration,todo_app_react,08,claude-3-7-sonnet@20250219,,
completeness,5,5.0,True,1.0,,ReactToAngular_ToDoApp_ReactJS_high_avg,solution_migration,todo_app_react,08,claude-3-7-sonnet@20250219,,
accuracy,5,4.78,False,0.78,0.22,ReactToAngular_ToDoApp_ReactJS_high_avg,solution_migration,todo_app_react,08,o3-mini,,
completeness,5,5.0,True,1.0,,ReactToAngular_ToDoApp_ReactJS_high_avg,solution_migration,todo_app_react,08,o3-mini,,
accuracy,5,5.0,True,1.0,,jQueryToReact_ToDoApp_jQuery_high_low,solution_migration,todo_app_jquery,13,claude-3-7-sonnet@20250219,,
completeness,5,5.0,True,1.0,,jQueryToReact_ToDoApp_jQuery_high_low,solution_migration,todo_app_jquery,13,claude-3-7-sonnet@20250219,,
accuracy,5,5.0,True,1.0,,jQueryToReact_ToDoApp_jQuery_high_low,solution_migration,todo_app_jquery,13,o3-mini,,
completeness,5,5.0,True,1.0,,jQueryToReact_ToDoApp_jQuery_high_low,solution_migration,todo_app_jquery,13,o3-mini,,
accuracy,4,3.99,True,,0.99,AngularToReact_AngularCosmoPage_avg_high,solution_migration,angular_cosmo_page,7,claude-3-7-sonnet@20250219,0.01,
completeness,3,3.0,True,,,AngularToReact_AngularCosmoPage_avg_high,solution_migration,angular_cosmo_page,7,claude-3-7-sonnet@20250219,1.0,
accuracy,4,3.62,False,,0.62,AngularToReact_AngularCosmoPage_avg_high,solution_migration,angular_cosmo_page,7,o3-mini,0.38,
completeness,5,5.0,True,1.0,,AngularToReact_AngularCosmoPage_avg_high,solution_migration,angular_cosmo_page,7,o3-mini,,
accuracy,4,4.0,True,,1.0,UpdateReact_ToDoApp_ReactJS_high_avg,solution_migration,todo_app_react,11,claude-3-7-sonnet@20250219,,
completeness,5,5.0,True,1.0,,UpdateReact_ToDoApp_ReactJS_high_avg,solution_migration,todo_app_react,11,claude-3-7-sonnet@20250219,,
accuracy,4,4.0,True,,1.0,UpdateReact_ToDoApp_ReactJS_high_avg,solution_migration,todo_app_react,11,o3-mini,,
completeness,5,5.0,True,1.0,,UpdateReact_ToDoApp_ReactJS_high_avg,solution_migration,todo_app_react,11,o3-mini,,
accuracy,5,5.0,True,1.0,,UpdateAngular_ToDoApp_AngularJS_avg_avg_2,solution_migration,todo_app_angular,10,claude-3-7-sonnet@20250219,,
completeness,5,5.0,True,1.0,,UpdateAngular_ToDoApp_AngularJS_avg_avg_2,solution_migration,todo_app_angular,10,claude-3-7-sonnet@20250219,,
accuracy,5,5.0,True,1.0,,UpdateAngular_ToDoApp_AngularJS_avg_avg_2,solution_migration,todo_app_angular,10,o3-mini,,
completeness,5,5.0,True,1.0,,UpdateAngular_ToDoApp_AngularJS_avg_avg_2,solution_migration,todo_app_angular,10,o3-mini,,
accuracy,5,5.0,True,1.0,,ReactToAngular_ReactSignUp_high_low,solution_migration,react_sign_up,09,claude-3-7-sonnet@20250219,,
completeness,5,5.0,True,1.0,,ReactToAngular_ReactSignUp_high_low,solution_migration,react_sign_up,09,claude-3-7-sonnet@20250219,,
accuracy,5,5.0,True,1.0,,ReactToAngular_ReactSignUp_high_low,solution_migration,react_sign_up,09,o3-mini,,
completeness,5,5.0,True,1.0,,ReactToAngular_ReactSignUp_high_low,solution_migration,react_sign_up,09,o3-mini,,
accuracy,5,5.0,True,1.0,,VanillaToReact_Piano_NativeJS_high_low,solution_migration,piano_native_js,12,claude-3-7-sonnet@20250219,,
completeness,5,5.0,True,1.0,,VanillaToReact_Piano_NativeJS_high_low,solution_migration,piano_native_js,12,claude-3-7-sonnet@20250219,,
accuracy,5,5.0,True,1.0,,VanillaToReact_Piano_NativeJS_high_low,solution_migration,piano_native_js,12,o3-mini,,
completeness,5,5.0,True,1.0,,VanillaToReact_Piano_NativeJS_high_low,solution_migration,piano_native_js,12,o3-mini,,
accuracy,5,5.0,True,1.0,,ModifyReactApp_ReactFetchAPI_avg_low,component_generation,,3,claude-3-7-sonnet@20250219,,
completeness,5,5.0,True,1.0,,ModifyReactApp_ReactFetchAPI_avg_low,component_generation,,3,claude-3-7-sonnet@20250219,,
accuracy,5,5.0,True,1.0,,ModifyReactApp_ReactFetchAPI_avg_low,component_generation,,3,o3-mini,,
completeness,5,5.0,True,1.0,,ModifyReactApp_ReactFetchAPI_avg_low,component_generation,,3,o3-mini,,
accuracy,5,5.0,True,1.0,,GenerateBaseComponent,component_generation,,1,claude-3-7-sonnet@20250219,,
completeness,5,5.0,True,1.0,,GenerateBaseComponent,component_generation,,1,claude-3-7-sonnet@20250219,,
accuracy,5,5.0,True,1.0,,GenerateBaseComponent,component_generation,,1,o3-mini,,
completeness,5,5.0,True,1.0,,GenerateBaseComponent,component_generation,,1,o3-mini,,
accuracy,5,5.0,True,1.0,,GenerateReactApp,component_generation,,2,claude-3-7-sonnet@20250219,,
completeness,5,5.0,True,1.0,,GenerateReactApp,component_generation,,2,claude-3-7-sonnet@20250219,,
accuracy,5,5.0,True,1.0,,GenerateReactApp,component_generation,,2,o3-mini,,
completeness,5,5.0,True,1.0,,GenerateReactApp,component_generation,,2,o3-mini,,
accuracy,5,5.0,True,1.0,,WriteTestsForLegacyCode_ReactSignUp_high_low,test_generation,react_sign_up,6,claude-3-7-sonnet@20250219,,
completeness,5,5.0,True,1.0,,WriteTestsForLegacyCode_ReactSignUp_high_low,test_generation,react_sign_up,6,claude-3-7-sonnet@20250219,,
accuracy,5,5.0,True,1.0,,WriteTestsForLegacyCode_ReactSignUp_high_low,test_generation,react_sign_up,6,o3-mini,,
completeness,4,4.22,False,0.22,0.78,WriteTestsForLegacyCode_ReactSignUp_high_low,test_generation,react_sign_up,6,o3-mini,,
accuracy,5,5.0,True,1.0,,WriteTestsForLegacyCode_ToDoApp_ReactJS_high_avg,test_generation,todo_app_react,5,claude-3-7-sonnet@20250219,,
completeness,5,5.0,True,1.0,,WriteTestsForLegacyCode_ToDoApp_ReactJS_high_avg,test_generation,todo_app_react,5,claude-3-7-sonnet@20250219,,
accuracy,5,5.0,True,1.0,,WriteTestsForLegacyCode_ToDoApp_ReactJS_high_avg,test_generation,todo_app_react,5,o3-mini,,
completeness,5,5.0,True,1.0,,WriteTestsForLegacyCode_ToDoApp_ReactJS_high_avg,test_generation,todo_app_react,5,o3-mini,,
accuracy,5,5.0,True,1.0,,WriteTestsForLegacyCode_AngularCosmoPage_avg_high,test_generation,angular_cosmo_page,4,claude-3-7-sonnet@20250219,,
completeness,5,5.0,True,1.0,,WriteTestsForLegacyCode_AngularCosmoPage_avg_high,test_generation,angular_cosmo_page,4,claude-3-7-sonnet@20250219,,
accuracy,5,5.0,True,1.0,,WriteTestsForLegacyCode_AngularCosmoPage_avg_high,test_generation,angular_cosmo_page,4,o3-mini,,
completeness,5,5.0,True,1.0,,WriteTestsForLegacyCode_AngularCosmoPage_avg_high,test_generation,angular_cosmo_page,4,o3-mini,,
accuracy,5,5.0,True,1.0,,WriteTestsForActualCode_ReactSelect_extra_high_high,test_generation,react_select,23,claude-3-7-sonnet@20250219,,
completeness,5,4.99,True,0.99,0.01,WriteTestsForActualCode_ReactSelect_extra_high_high,test_generation,react_select,23,claude-3-7-sonnet@20250219,,
accuracy,4,4.1,False,0.1,0.9,WriteTestsForActualCode_ReactSelect_extra_high_high,test_generation,react_select,23,o3-mini,,
completeness,5,4.82,False,0.82,0.18,WriteTestsForActualCode_ReactSelect_extra_high_high,test_generation,react_select,23,o3-mini,,
accuracy,5,5.0,True,1.0,,GenerateProjectConfiguration,solution_template_generation,,24,claude-3-7-sonnet@20250219,,
completeness,5,5.0,True,1.0,,GenerateProjectConfiguration,solution_template_generation,,24,claude-3-7-sonnet@20250219,,
accuracy,5,5.0,True,1.0,,GenerateProjectConfiguration,solution_template_generation,,24,o3-mini,,
completeness,5,5.0,True,1.0,,GenerateProjectConfiguration,solution_template_generation,,24,o3-mini,,
accuracy,5,5.0,True,1.0,,EvaluateCodeQuality_ReactSignUp_high_low,code_analysis,react_sign_up,22,claude-3-7-sonnet@20250219,,
completeness,5,5.0,True,1.0,,EvaluateCodeQuality_ReactSignUp_high_low,code_analysis,react_sign_up,22,claude-3-7-sonnet@20250219,,
accuracy,5,5.0,True,1.0,,EvaluateCodeQuality_ReactSignUp_high_low,code_analysis,react_sign_up,22,o3-mini,,
completeness,5,5.0,True,1.0,,EvaluateCodeQuality_ReactSignUp_high_low,code_analysis,react_sign_up,22,o3-mini,,
accuracy,5,5.0,True,1.0,,EvaluateCodeQuality_ToDoApp_ReactJS_high_avg,code_analysis,todo_app_react,21,claude-3-7-sonnet@20250219,,
completeness,4,4.0,True,,1.0,EvaluateCodeQuality_ToDoApp_ReactJS_high_avg,code_analysis,todo_app_react,21,claude-3-7-sonnet@20250219,,
accuracy,5,4.99,True,0.99,0.01,EvaluateCodeQuality_ToDoApp_ReactJS_high_avg,code_analysis,todo_app_react,21,o3-mini,,
completeness,5,4.88,False,0.88,0.12,EvaluateCodeQuality_ToDoApp_ReactJS_high_avg,code_analysis,todo_app_react,21,o3-mini,,
accuracy,5,5.0,True,1.0,,EvaluateCodeQuality_AngularCosmoPage_avg_high,code_analysis,angular_cosmo_page,20,claude-3-7-sonnet@20250219,,
completeness,3,3.01,True,,0.01,EvaluateCodeQuality_AngularCosmoPage_avg_high,code_analysis,angular_cosmo_page,20,claude-3-7-sonnet@20250219,0.99,
accuracy,5,5.0,True,1.0,,EvaluateCodeQuality_AngularCosmoPage_avg_high,code_analysis,angular_cosmo_page,20,o3-mini,,
completeness,4,3.94,True,,0.94,EvaluateCodeQuality_AngularCosmoPage_avg_high,code_analysis,angular_cosmo_page,20,o3-mini,0.06,
accuracy,4,4.05,True,0.05,0.95,DescribeTechnicalImplementation_AngularCosmoPage_avg_high,code_explanation,angular_cosmo_page,17,claude-3-7-sonnet@20250219,,
completeness,4,4.08,True,0.08,0.92,DescribeTechnicalImplementation_AngularCosmoPage_avg_high,code_explanation,angular_cosmo_page,17,claude-3-7-sonnet@20250219,,
accuracy,4,4.0,True,,1.0,DescribeTechnicalImplementation_AngularCosmoPage_avg_high,code_explanation,angular_cosmo_page,17,o3-mini,,
completeness,4,4.0,True,,1.0,DescribeTechnicalImplementation_AngularCosmoPage_avg_high,code_explanation,angular_cosmo_page,17,o3-mini,,
accuracy,5,5.0,True,1.0,,DescribeTechnicalImplementation_ReactSignUp_high_low,code_explanation,react_sign_up,19,claude-3-7-sonnet@20250219,,
completeness,5,5.0,True,1.0,,DescribeTechnicalImplementation_ReactSignUp_high_low,code_explanation,react_sign_up,19,claude-3-7-sonnet@20250219,,
accuracy,5,5.0,True,1.0,,DescribeTechnicalImplementation_ReactSignUp_high_low,code_explanation,react_sign_up,19,o3-mini,,
completeness,5,5.0,True,1.0,,DescribeTechnicalImplementation_ReactSignUp_high_low,code_explanation,react_sign_up,19,o3-mini,,
accuracy,4,4.1,False,0.1,0.9,DescribeTechnicalImplementation_ToDoApp_ReactJS_high_avg,code_explanation,todo_app_react,18,claude-3-7-sonnet@20250219,,
completeness,5,5.0,True,1.0,,DescribeTechnicalImplementation_ToDoApp_ReactJS_high_avg,code_explanation,todo_app_react,18,claude-3-7-sonnet@20250219,,
accuracy,5,5.0,True,1.0,,DescribeTechnicalImplementation_ToDoApp_ReactJS_high_avg,code_explanation,todo_app_react,18,o3-mini,,
completeness,5,5.0,True,1.0,,DescribeTechnicalImplementation_ToDoApp_ReactJS_high_avg,code_explanation,todo_app_react,18,o3-mini,,
accuracy,4,3.98,True,,0.98,BusinessFunctionality_ReactSignUp_high_low,solution_documentation,react_sign_up,16,claude-3-7-sonnet@20250219,0.02,
completeness,4,3.99,True,,0.99,BusinessFunctionality_ReactSignUp_high_low,solution_documentation,react_sign_up,16,claude-3-7-sonnet@20250219,0.01,
accuracy,4,4.0,True,,1.0,BusinessFunctionality_ReactSignUp_high_low,solution_documentation,react_sign_up,16,o3-mini,,
completeness,4,4.0,True,,1.0,BusinessFunctionality_ReactSignUp_high_low,solution_documentation,react_sign_up,16,o3-mini,,
accuracy,5,4.92,True,0.92,0.08,BusinessFunctionality_ToDoApp_ReactJS_high_avg,solution_documentation,todo_app_react,15,claude-3-7-sonnet@20250219,,
completeness,5,4.88,False,0.88,0.12,BusinessFunctionality_ToDoApp_ReactJS_high_avg,solution_documentation,todo_app_react,15,claude-3-7-sonnet@20250219,,
accuracy,5,4.99,True,0.99,0.01,BusinessFunctionality_ToDoApp_ReactJS_high_avg,solution_documentation,todo_app_react,15,o3-mini,,
completeness,5,4.95,True,0.95,0.05,BusinessFunctionality_ToDoApp_ReactJS_high_avg,solution_documentation,todo_app_react,15,o3-mini,,
accuracy,5,5.0,True,1.0,,BusinessFunctionality_AngularCosmoPage_avg_high,solution_documentation,angular_cosmo_page,14,claude-3-7-sonnet@20250219,,
completeness,3,2.98,True,,,BusinessFunctionality_AngularCosmoPage_avg_high,solution_documentation,angular_cosmo_page,14,claude-3-7-sonnet@20250219,0.98,0.02
accuracy,5,5.0,True,1.0,,BusinessFunctionality_AngularCosmoPage_avg_high,solution_documentation,angular_cosmo_page,14,o3-mini,,
completeness,3,3.05,True,,0.05,BusinessFunctionality_AngularCosmoPage_avg_high,solution_documentation,angular_cosmo_page,14,o3-mini,0.95,
